{
  "zhaodice": {
    "9055-NEXT-1": "https://qsign.trpgbot.com",
    "9055-NEXT-2": "http://qsign-v3.trpgbot.com",
    "9055-NEXT-3": "https://qsign.chahuyun.cn",
    "9055-NEXT": "https://qsign.chahuyun.cn?key=miraibbs",
    "9055-NEXT-5": "https://zyr15r-astralqsign.hf.space/?key=None&ver=9.1.60",    
    "9055-NEXT-6": "https://zyr15r-astralqsign.hf.space"
  },
  "豆花": {
    "910": "https://q-sign.wuliya.cn"
  },
  "寒暄": {
    "9070": "https://api.qsign.icu/?key=Free"
  }
}